"Path","Extension","SizeBytes"
"CyberpunkRealism\ArmorWearModel.reds",".reds","3187"
"CyberpunkRealism\ArmorWearNative.reds",".reds","6667"
"CyberpunkRealism\BallisticProfiles.reds",".reds","4916"
"CyberpunkRealism\BiologyNativeUI.reds",".reds","33474"
"CyberpunkRealism\BiologyPresentation.reds",".reds","3669"
"CyberpunkRealism\BloodLossModel.reds",".reds","3388"
"CyberpunkRealism\BloodLossNative.reds",".reds","10848"
"CyberpunkRealism\BodyForecast.reds",".reds","5889"
"CyberpunkRealism\BodyInputs.reds",".reds","9906"
"CyberpunkRealism\BodyInteractionRuntime.reds",".reds","4357"
"CyberpunkRealism\BodyModel.reds",".reds","11805"
"CyberpunkRealism\BodyNativeHooks.reds",".reds","5366"
"CyberpunkRealism\BodyPresentation.reds",".reds","4737"
"CyberpunkRealism\BodyRuntime.reds",".reds","17611"
"CyberpunkRealism\BodyStatusPresentation.reds",".reds","7727"
"CyberpunkRealism\ClockModel.reds",".reds","2680"
"CyberpunkRealism\CombatNativeBridge.reds",".reds","6946"
"CyberpunkRealism\CombatProfilesNative.reds",".reds","10164"
"CyberpunkRealism\CombatWoundsNative.reds",".reds","8431"
"CyberpunkRealism\ConditionPresentation.reds",".reds","9834"
"CyberpunkRealism\FieldCareActionModel.reds",".reds","2121"
"CyberpunkRealism\FieldCareActionRuntime.reds",".reds","8015"
"CyberpunkRealism\FieldCareModel.reds",".reds","3390"
"CyberpunkRealism\FieldCareRuntime.reds",".reds","2900"
"CyberpunkRealism\HitModel.reds",".reds","2570"
"CyberpunkRealism\ImpactModel.reds",".reds","4867"
"CyberpunkRealism\InjuryEffectsModel.reds",".reds","1686"
"CyberpunkRealism\InjuryEffectsNative.reds",".reds","10158"
"CyberpunkRealism\InjuryModel.reds",".reds","12560"
"CyberpunkRealism\InjuryProvenance.reds",".reds","6535"
"CyberpunkRealism\ItemServing.reds",".reds","2034"
"CyberpunkRealism\NameplatesNative.reds",".reds","2464"
"CyberpunkRealism\NoHealthbars.reds",".reds","4993"
"CyberpunkRealism\NPCBodyModel.reds",".reds","2078"
"CyberpunkRealism\PainModel.reds",".reds","5812"
"CyberpunkRealism\PainNativeEffects.reds",".reds","5167"
"CyberpunkRealism\PainRuntime.reds",".reds","3268"
"CyberpunkRealism\ProfessionalCareModel.reds",".reds","1751"
"CyberpunkRealism\ProfessionalCareRuntime.reds",".reds","1146"
"CyberpunkRealism\RuntimePolicyModel.reds",".reds","6236"
"CyberpunkRealism\ServingModel.reds",".reds","1503"
"CyberpunkRealism\SleepModel.reds",".reds","3180"
"CyberpunkRealism\StockProtectionCatalog.reds",".reds","27434"
"CyberpunkRealism\WoundModel.reds",".reds","8440"
